<?xml version="1.0" encoding="utf-8" ?>
<dwsync>
<file name="1440x810-dummy1.jpg" server="135.125.204.168//nilhansultankosku.erkajans.com.tr/" local="132659057500491118" remote="132658968600000000" Dst="0" />
<file name="1440x1440-dummy1.jpg" server="135.125.204.168//nilhansultankosku.erkajans.com.tr/" local="132659056617789401" remote="132658968600000000" Dst="0" />
<file name="1440x960-dummy1.jpg" server="135.125.204.168//nilhansultankosku.erkajans.com.tr/" local="132659055076399471" remote="132658968600000000" Dst="0" />
<file name="1440x960-dummy3.jpg" server="135.125.204.168//nilhansultankosku.erkajans.com.tr/" local="132659057063167790" remote="132658968600000000" Dst="0" />
<file name="1440x960-dummy2.jpg" server="135.125.204.168//nilhansultankosku.erkajans.com.tr/" local="132659055309737785" remote="132658968600000000" Dst="0" />
<file name="1440x962-dummy1.jpg" server="135.125.204.168//nilhansultankosku.erkajans.com.tr/" local="132659057954613984" remote="132658968600000000" Dst="0" />
<file name="1440x962-dummy2.jpg" server="135.125.204.168//nilhansultankosku.erkajans.com.tr/" local="132659058186379986" remote="132658968600000000" Dst="0" />
<file name="dummylogo.png" server="135.125.204.168//nilhansultankosku.erkajans.com.tr/" local="132659058634049882" remote="132658968600000000" Dst="0" />
</dwsync>